{
    "Games": [
        {
            "id": "001",
            "image": "../Images/image1.png",
            "title": "Water Games","price":"40000"
        },
        {
            "id": "002",
            "image": "../Images/image2.png",
            "title": "Adventure Games","price":"15000"
        },
        {
            "id": "003",
            "image": "../Images/image1.png",
            "title": "Carnival","price":"25000"
        },
        {
            "id": "004",
            "image": "../Images/image2.png",
            "title": "Toddlers","price":"22000"
        },
        {
            "id": "005",
            "image": "../Images/image3.png",
            "title": "Decor","price":"22000"
        },
        {
            "id": "006",
            "image": "../Images/image3.png",
            "title": "Sports Games","price":"45000"
        },{
            "id": "007",
            "image": "../Images/image3.png",
            "title": "Dexterity","price":"5000"
        },{
            "id": "008",
            "image": "../Images/image3.png",
            "title": "Sports Games","price":"15000"
        },{
            "id": "009",
            "image": "../Images/image3.png",
            "title": "Tub Games","price":"8000"
        },{
            "id": "0011",
            "image": "../Images/image3.png",
            "title": "Riders","price":"5600"
        }
    ]
}